CODIGOAPOYO;PINTADOAPOYO;X;Y;CODIGOGEOGRAFICO
4288;1049101;1105711;1280555;67
11005;1147846;1104991;1280178;67
6785;1075519;1105128;1279953;67
6786;1075527;1105116;1279948;67
6787;1075535;1105119;1279960;67
6788;1075543;1105090;1279942;67
6789;1075551;1105083;1279949;67
7071;1104691;1105118;1280444;67
7152;1082311;1104730;1280064;67
7154;1082329;1104725;1280105;67
7156;1082337;1104726;1280115;67
7158;1082345;1104723;1280117;67
7159;1082353;1104728;1280117;67
6776;1093827;1105031;1279971;67
6777;1093835;1105016;1279979;67
6778;1093843;1105022;1279977;67
6779;1093851;1105012;1279989;67
6782;1075489;1105163;1280042;67
6783;1075497;1105159;1280038;67
6784;1075501;1105180;1280047;67
7294;1113402;1105684;1280592;67
7295;1113411;1105678;1280603;67
7296;1113429;1105682;1280597;67
7297;1113437;1105687;1280596;67
7267;1113381;1105501;1280551;67
7269;1113399;1105490;1280563;67
7270;1113445;1105495;1280550;67
7271;1113453;1105497;1280550;67
9111;1102923;1105184;1280097;67
9118;1102931;1105171;1280157;67
9119;1102940;1105163;1280168;67
9087;1102885;1105270;1280070;67
9089;1102893;1105270;1280079;67
9093;1102907;1105212;1280063;67
9094;1102915;1105208;1280071;67
7149;1082299;1104777;1280063;67
7150;1082302;1104770;1280080;67
4289;1049119;1105766;1280559;67
9082;1102851;1105337;1280078;67
9083;1102877;1105345;1280075;67
7264;1113356;1105504;1280525;67
7266;1113372;1105495;1280547;67
7076;1104705;1105116;1280445;67
1808;4939930;1105067;1279941;67
1810;1064541;1105676;1280157;67
1812;1055135;1105006;1279928;67
1778;1055071;1105008;1280097;67
1783;1061844;1105752;1280255;67
1784;1055089;1105002;1280071;67
1785;1064495;1105535;1280131;67
1791;1064509;1105586;1280135;67
2759;1069284;1105307;1280024;67
2760;1069292;1105293;1279978;67
2761;1069306;1105229;1279973;67
2247;1059246;1104763;1280415;67
2248;1059254;1104768;1280369;67
2065;1068334;1105341;1280764;67
1794;1064517;1105622;1280141;67
1761;1061828;1105644;1280233;67
2231;1059173;1104828;1280468;67
2236;1059181;1104842;1280464;67
2202;1068881;1105311;1280267;67
2204;1068890;1105283;1280267;67
1645;1064452;1105396;1280095;67
1647;1064479;1105436;1280109;67
1648;1055020;1105006;1280146;67
1650;1068032;1105421;1280388;67
1653;1064487;1105473;1280117;67
1622;1061755;1105422;1280187;67
1623;1055011;1105045;1280202;67
1626;1061771;1105459;1280196;67
1627;1068016;1105317;1280366;67
1628;1061780;1105472;1280201;67
1631;1061798;1105531;1280217;67
1634;1064436;1105330;1280088;67
1635;1061801;1105541;1280214;67
1640;1064444;1105329;1280076;67
2090;1068377;1105435;1280296;67
2093;1068385;1105472;1280296;67
2095;1068393;1105532;1280305;67
2101;1068423;1105579;1280320;67
1923;1059025;1104998;1280611;67
1929;1059033;1104994;1280657;67
1891;1068172;1105375;1280483;67
1898;1068181;1105319;1280476;67
1899;1058991;1105029;1280447;67
1874;1068156;1105436;1280493;67
1876;1064738;1105791;1280180;67
1878;1064746;1105828;1280187;67
1520;1052675;1105111;1280047;67
1523;1052683;1105080;1280032;67
1502;1052608;1105068;1280251;67
1503;1052616;1105073;1280261;67
1506;1052624;1105080;1280213;67
1693;1068075;1105463;1280400;67
2741;1069152;1105613;1280045;67
2742;1069179;1105639;1280047;67
2744;1069187;1105668;1280059;67
2747;1069195;1105713;1280068;67
2749;1069209;1105738;1280067;67
2750;1069217;1105416;1280002;67
2751;1069225;1105397;1280005;67
2752;1069233;1105400;1280005;67
2757;1069250;1105343;1279990;67
2758;1069276;1105314;1279986;67
2009;1068296;1105371;1280631;67
2012;1068300;1105358;1280684;67
1667;1055046;1104988;1280114;67
1669;1068041;1105434;1280385;67
1679;1055054;1104987;1280155;67
1641;1061810;1105591;1280225;67
3414;1048821;1105546;1280787;67
3415;1048830;1105561;1280726;67
3416;1048848;1105572;1280655;67
3417;1048856;1105582;1280584;67
2725;1069055;1105483;1280017;67
2210;1068938;1105204;1280241;67
2212;1068946;1105179;1280238;67
2185;1068784;1105701;1280453;67
2186;1068792;1105782;1280468;67
2188;1068806;1105699;1280480;67
2189;1068814;1105692;1280521;67
2190;1068822;1105696;1280539;67
2196;1068849;1105432;1280295;67
2200;1068873;1105321;1280271;67
2022;1068318;1105359;1280703;67
2025;1068326;1105352;1280730;67
1990;4113713;1104881;1280482;67
1997;1068288;1105275;1280506;67
2453;1053426;1104695;1280238;67
2434;1053302;1105065;1280282;67
2442;1053329;1104989;1280296;67
3418;1048872;1105597;1280525;67
3419;1048881;1105604;1280520;67
3421;1048902;1105583;1280526;67
3422;1048911;1105562;1280523;67
3423;1048929;1105563;1280512;67
3424;1048937;1105505;1280499;67
3425;1048945;1105508;1280515;67
3426;1048953;1105492;1280497;67
3427;1048970;1105513;1280464;67
3430;1049003;1105650;1280539;67
3431;1049011;1105693;1280547;67
3432;1049020;1105689;1280573;67
2162;1058983;1105038;1280420;67
2163;1068652;1105658;1280233;67
1604;1061712;1105301;1280079;67
1606;1067974;1105241;1280346;67
1608;1061721;1105308;1280039;67
1611;1064380;1105202;1280047;67
1612;1061739;1105326;1280177;67
1614;1067991;1105244;1280363;67
1615;1064398;1105218;1280070;67
1616;1055003;1105080;1280249;67
1617;1061747;1105375;1280179;67
1618;1064401;1105266;1280077;67
1621;1068008;1105235;1280378;67
1585;1061640;1105248;1280265;67
1586;1064321;1105177;1280193;67
1588;1061658;1105265;1280254;67
2441;1053311;1105009;1280300;67
2445;1053337;1104969;1280293;67
2446;1053345;1104914;1280284;67
2447;1053353;1104915;1280295;67
2448;1053370;1104877;1280276;67
1700;1068083;1105435;1280404;67
1702;1068091;1105509;1280410;67
1704;1058932;1105087;1280320;67
1592;1061682;1105286;1280164;67
1593;1064339;1105184;1280148;67
1596;1064347;1105170;1280157;67
1597;1061691;1105267;1280159;67
1707;1068105;1105554;1280423;67
1710;1068113;1105561;1280429;67
1680;1068059;1105460;1280399;67
2302;1055151;1104928;1279912;67
2278;1059351;1104837;1280029;67
3281;1060171;1105129;1280437;67
3283;1060180;1105122;1280446;67
2729;1069080;1105551;1280034;67
2730;1069098;1105565;1280034;67
2732;1069101;1105582;1280045;67
2737;1069136;1105570;1280118;67
2738;1069144;1105602;1280037;67
1815;1061852;1105794;1280267;67
1816;1055143;1104948;1279912;67
1823;1064550;1105670;1280167;67
1827;1064576;1105681;1280100;67
1801;1055101;1105026;1279973;67
1803;1064525;1105639;1280147;67
1804;1055119;1105037;1279933;67
1805;1064533;1105669;1280153;67
2711;1068971;1105449;1280253;67
2712;1068989;1105454;1280207;67
2713;1068997;1105439;1280209;67
2714;1069004;1105493;1280214;67
2715;1069012;1105522;1280226;67
2718;1069047;1105491;1280017;67
2166;1068679;1105637;1280250;67
2169;1068687;1105597;1280236;67
2170;1068695;1105583;1280239;67
2171;1068709;1105651;1280274;67
2176;1068717;1105753;1280200;67
2181;1068741;1105718;1280400;67
2182;1068750;1105711;1280444;67
1970;1059122;1104913;1280555;67
1974;1059131;1104905;1280576;67
1981;1068270;1105255;1280547;67
1982;1059149;1104906;1280587;67
1952;1059084;1104957;1280404;67
1955;1068237;1105306;1280560;67
1957;1059092;1104976;1280505;67
2965;1069403;1105712;1280443;67
2968;1069420;1105746;1280454;67
2449;1053388;1104859;1280276;67
2450;1053396;1104829;1280265;67
2452;1053418;1104746;1280254;67
3433;1049038;1105685;1280592;67
3434;1049046;1105677;1280587;67
3435;1049054;1105669;1280642;67
3436;1049071;1105668;1280681;67
3437;1049089;1105654;1280679;67
3438;1049097;1105735;1280624;67
2145;1068601;1105752;1280267;67
2149;1068610;1105798;1280281;67
2154;1068628;1105813;1280275;67
2158;1068636;1105691;1280258;67
1561;1064274;1105109;1280297;67
1526;1052691;1105018;1280030;67
1528;1052705;1104965;1280011;67
1532;1052713;1104913;1280001;67
1536;1052721;1104837;1279994;67
1539;1052730;1104831;1279978;67
3685;1060589;1104718;1280635;67
3687;1060597;1104718;1280616;67
1882;1058941;1105058;1280318;67
3287;1060198;1105141;1280386;67
3288;1060201;1105138;1280347;67
3289;1060210;1105131;1280410;67
3290;1060228;1105125;1280460;67
3291;1060236;1105120;1280496;67
1509;1052632;1105084;1280176;67
1513;1052641;1105093;1280155;67
1517;1052659;1105103;1280091;67
1856;1068130;1105403;1280491;67
1865;1068148;1105417;1280494;67
1871;1064711;1105765;1280168;67
1834;1064592;1105711;1280065;67
2288;1059394;1104849;1279930;67
2290;1059408;1104848;1279914;67
2261;1059271;1104694;1280345;67
2262;1059289;1104673;1280341;67
2264;1059297;1104778;1280316;67
2265;1059301;1104785;1280256;67
2271;1059319;1104795;1280205;67
3292;1060244;1105110;1280552;67
3293;1060252;1105090;1280621;67
3294;1060279;1105073;1280621;67
3297;1060309;1105186;1280648;67
3299;1060317;1105083;1280689;67
2533;1059742;1104733;1280352;67
2534;1053728;1105006;1280023;67
2970;1069411;1105742;1280452;67
2276;1059335;1104830;1280072;67
2277;1059343;1104775;1280063;67
2241;1059190;1104819;1280460;67
2243;1059203;1104788;1280465;67
2244;1059211;1104746;1280458;67
2245;1059220;1104744;1280455;67
2246;1059238;1104745;1280485;67
1769;1061836;1105701;1280249;67
2522;1059751;1105072;1280427;67
1962;1059106;1104928;1280496;67
1964;1059114;1104928;1280450;67
1931;1068202;1105401;1280497;67
1719;1068121;1105415;1280433;67
3377;1052047;1105378;1280761;67
3378;1052055;1105453;1280786;67
3379;1052071;1105484;1280786;67
3383;1052128;1105096;1280714;67
2133;1068580;1105738;1280301;67
2139;1068598;1105750;1280267;67
2104;1068415;1105529;1280341;67
2106;1068431;1105604;1280320;67
2107;1068440;1105666;1280337;67
2108;1068458;1105715;1280346;67
2110;1068474;1105732;1280351;67
2112;1068482;1105788;1280360;67
1602;1064355;1105196;1280094;67
1564;1052799;1105169;1280057;67
1566;1052802;1105140;1280050;67
1949;1068229;1105399;1280574;67
1942;1059050;1105052;1280423;67
1943;1068211;1105381;1280575;67
1948;1059076;1104998;1280409;67
1912;1068199;1105293;1280464;67
1917;1059017;1105004;1280568;67
3674;1060520;1104805;1280650;67
3384;1052110;1105127;1280717;67
3385;1052098;1105204;1280732;67
3386;1052080;1105244;1280733;67
3387;1052021;1105264;1280742;67
3388;1052136;1105279;1280671;67
3389;1052101;1105169;1280728;67
2085;1068351;1105437;1280324;67
1568;1064282;1105151;1280324;67
1569;1052811;1105203;1280059;67
1570;1064291;1105154;1280298;67
1571;1067958;1105229;1280348;67
1575;1052837;1105135;1279956;67
1573;1052829;1105123;1279987;67
1574;1064304;1105161;1280303;67
1577;1067982;1105241;1280350;67
1578;1061623;1105255;1280307;67
1581;1061631;1105265;1280265;67
1546;1052748;1104839;1279959;67
1548;1061615;1105163;1280336;67
1550;1052756;1104775;1279978;67
1553;1052772;1104747;1279973;67
1555;1067931;1105204;1280347;67
18643;1249274;1105394;1280543;67
18646;1203185;1105510;1280300;67
18653;1227980;1105311;1280273;67
18654;1203193;1105482;1280291;67
18657;1203207;1105470;1280298;67
22446;1273442;1105702;1280559;67
22447;1273451;1105736;1280546;67
22448;1273477;1105737;1280543;67
22449;1273485;1105742;1280542;67
22450;1273493;1105749;1280525;67
22451;1273507;1105745;1280515;67
22452;1273515;1105748;1280514;67
22453;1273523;1105745;1280506;67
22456;1273558;1105739;1280535;67
22457;1273574;1105740;1280531;67
22458;1273582;1105740;1280517;67
22459;1273591;1105743;1280553;67
22460;1273604;1105749;1280562;67
22461;1273612;1105734;1280559;67
22463;1273639;1105780;1280556;67
22469;1273671;1105772;1280588;67
22470;1273680;1105761;1280612;67
21434;1161792;1105325;1280083;67
18843;1228358;1105346;1280281;67
18844;1228374;1105342;1280309;67
18845;1227718;1105341;1280324;67
18846;1227726;1105332;1280332;67
18847;1227734;1105348;1280344;67
18848;1227742;1105329;1280358;67
18849;1227751;1105328;1280368;67
18852;1203339;1105538;1280324;67
18853;1203347;1105566;1280324;67
18854;1203355;1105541;1280347;67
19692;1257994;1105197;1280113;67
19693;1257927;1105192;1280063;67
19694;1257935;1105195;1280053;67
19695;1257943;1105201;1280032;67
19696;1257951;1105199;1280016;67
19697;1257978;1105194;1280037;67
19698;1257986;1105211;1280004;67
19699;1257901;1105207;1280028;67
19700;1257919;1105214;1279995;67
19706;1312219;1105712;1280065;67
19707;1203614;1105733;1280265;67
19710;1203622;1105732;1280278;67
18661;1203215;1105504;1280271;67
18667;1203231;1105513;1280270;67
18670;1203223;1105534;1280259;67
18672;1203240;1105526;1280321;67
18677;1203258;1105499;1280310;67
18678;1203274;1105470;1280309;67
18679;1203282;1105544;1280310;67
18202;1203070;1105498;1280402;67
18205;1203088;1105493;1280414;67
18209;1203096;1105479;1280403;67
17728;1202901;1105448;1280322;67
18855;1203371;1105534;1280388;67
18856;1203380;1105530;1280379;67
18857;1203398;1105520;1280404;67
18858;1203401;1105521;1280385;67
18859;1203410;1105522;1280381;67
18860;1203444;1105559;1280314;67
18861;1227777;1105283;1280406;67
18862;1227785;1105314;1280388;67
18863;1227793;1105357;1280357;67
18864;1227807;1105395;1280339;67
19436;1203886;1105642;1280230;67
19442;1203908;1105656;1280209;67
19443;1203878;1105672;1280215;67
19444;1203916;1105659;1280200;67
19711;1203631;1105785;1280275;67
19712;1203673;1105701;1280244;67
19713;1203681;1105709;1280250;67
19714;1203703;1105739;1280259;67
19716;1203711;1105769;1280259;67
19830;1312413;1105215;1280630;67
21253;1329294;1105226;1279972;67
21254;1329308;1105212;1279968;67
21257;1329324;1105192;1279959;67
22630;1162616;1105676;1280057;67
22631;1162624;1105677;1280063;67
23511;1161954;1105678;1280151;67
23514;1161971;1105701;1280144;67
23517;1161989;1105716;1280133;67
23519;1162128;1105736;1280110;67
23520;1162659;1105687;1280084;67
23521;1162136;1105725;1280160;67
23522;1162675;1105673;1280125;67
23523;1162144;1105737;1280156;67
23524;1162683;1105679;1280122;67
23527;1162713;1105730;1280094;67
23528;1162110;1105721;1280135;67
23529;1162152;1105647;1280173;67
23530;1162179;1105620;1280192;67
23531;1162187;1105587;1280215;67
23532;1162195;1105621;1280205;67
17739;1202910;1105403;1280378;67
17741;1202928;1105383;1280379;67
17742;1227301;1105271;1280400;67
17745;1227319;1105207;1280379;67
17746;1202936;1105357;1280370;67
17879;1203029;1105456;1280408;67
19983;1312693;1105250;1280419;67
19985;1312715;1105251;1280412;67
19986;4961137;1105255;1280407;67
19987;1312731;1105233;1280404;67
19989;1312740;1105231;1280424;67
19990;1312758;1105206;1280411;67
19991;2842041;1105218;1280399;67
19836;1258010;1105161;1280247;67
19839;1258028;1105153;1280246;67
19841;1258044;1105158;1280305;67
19842;1258052;1105149;1280325;67
19843;1258079;1105175;1280331;67
19844;1258095;1105180;1280330;67
19845;1258087;1105174;1280349;67
19846;1258109;1105184;1280381;67
19847;1258117;1105188;1280357;67
19848;1258125;1105169;1280233;67
19849;1228684;1105582;1280041;67
19850;1228692;1105588;1280043;67
19851;1258133;1105168;1280236;67
19852;1258141;1105174;1280234;67
19853;1258150;1105211;1280255;67
19854;1258176;1105215;1280255;67
19855;1258184;1105244;1280265;67
19856;1228706;1105585;1280062;67
19857;1228714;1105579;1280042;67
19862;1312448;1105345;1280651;67
21275;1329251;1105302;1279986;67
21276;1329278;1105304;1280000;67
21277;1329286;1105303;1279987;67
21278;1313185;1105453;1280255;67
21279;1313193;1105442;1280248;67
21280;1313207;1105454;1280229;67
21281;1313215;1105444;1280274;67
21282;1204211;1105758;1280456;67
21283;1329049;1105310;1280020;67
21285;1204220;1105755;1280469;67
21436;1161806;1105348;1280089;67
21437;1161814;1105312;1280071;67
21438;1161822;1105357;1280087;67
23533;1162209;1105655;1280178;67
23534;1162217;1105674;1280160;67
23535;1162225;1105670;1280168;67
23536;1162233;1105667;1280176;67
23537;1162241;1105668;1280185;67
19994;1312804;1105184;1280415;67
19997;1312839;1105172;1280433;67
19998;1312821;1105178;1280432;67
19999;1312928;1105185;1280417;67
20000;1312855;1105182;1280451;67
20001;1312871;1105187;1280452;67
20003;1312723;1105173;1280457;67
20004;1204017;1105807;1280407;67
20005;1312898;1105184;1280479;67
20006;1312901;1105202;1280472;67
20007;2768879;1105188;1280485;67
20008;1204033;1105803;1280392;67
20009;1313029;1105190;1280489;67
20010;1204041;1105806;1280400;67
19599;1228625;1105767;1280126;67
19601;1228641;1105769;1280144;67
19604;1228650;1105783;1280177;67
153123;2797691;1105160;1279953;67
22481;1273701;1105680;1280608;67
22482;1273710;1105679;1280617;67
22484;1273728;1105686;1280595;67
22486;1273736;1105686;1280566;67
22487;1273744;1105685;1280563;67
22488;1273752;1105679;1280529;67
22489;1161890;1105271;1280061;67
22490;1273779;1105684;1280541;67
22491;1161911;1105236;1280061;67
22492;1273787;1105678;1280555;67
21457;1161857;1105282;1280103;67
21458;1161997;1105280;1280102;67
21459;1161873;1105274;1280112;67
21460;1161881;1105273;1280151;67
17631;1227424;1105554;1280418;67
17633;1227432;1105554;1280426;67
18865;1227815;1105423;1280314;67
18866;1227823;1105459;1280285;67
18867;1227831;1105502;1280262;67
18870;1227874;1105354;1280363;67
18871;1227882;1105394;1280330;67
18872;1227891;1105334;1280361;67
18873;1227904;1105415;1280313;67
18874;1227912;1105463;1280284;67
18875;1227921;1105498;1280258;67
19717;1328697;1105547;1280035;67
19718;1328701;1105533;1280034;67
19719;1328719;1105535;1280040;67
19721;1312227;1105669;1280051;67
19722;1312235;1105663;1280063;67
19728;1258001;1105199;1280116;67
19732;1328786;1105810;1280174;67
19733;1328778;1105801;1280167;67
18680;1203291;1105582;1280328;67
18684;1203304;1105612;1280335;67
18685;1203312;1105623;1280328;67
18686;1203321;1105640;1280343;67
18691;1249282;1105405;1280539;67
18692;1249291;1105398;1280538;67
18693;1249304;1105401;1280534;67
18694;1249312;1105409;1280534;67
18700;1203720;1105742;1280299;67
18702;1203738;1105730;1280298;67
18704;1203746;1105725;1280300;67
18707;1203754;1105726;1280320;67
143368;2789922;1105439;1280317;67
733988;3045323;1105477;1280659;67
733989;3045331;1105483;1280643;67
733990;3045340;1105488;1280639;67
22493;1273795;1105681;1280575;67
18161;1227351;1105245;1280345;67
18163;1227378;1105253;1280320;67
18164;1203037;1105471;1280366;67
18165;1203045;1105467;1280350;67
18176;1227394;1105228;1280375;67
18876;1228382;1105530;1280245;67
19738;1312243;1105641;1280048;67
19739;1312251;1105627;1280046;67
19740;1312278;1105632;1280060;67
19741;1328794;1105842;1280189;67
19742;1328808;1105832;1280175;67
19743;1328671;1105562;1280038;67
19744;1328689;1105559;1280036;67
19747;1328832;1105827;1280259;67
19752;1328875;1105751;1280193;67
18715;1228021;1105282;1280177;67
21323;1273299;1105638;1280424;67
21324;1273302;1105622;1280419;67
21325;1273311;1105613;1280430;67
21326;1273329;1105607;1280425;67
22656;1162632;1105682;1280081;67
22657;1162641;1105674;1280110;67
17773;1227335;1105269;1280358;67
17774;1202952;1105438;1280398;67
17776;1202979;1105423;1280415;67
17777;1227343;1105265;1280364;67
17778;1202987;1105421;1280452;67
18178;1227408;1105237;1280327;67
18179;1227416;1105237;1280303;67
19478;1203835;1105643;1280271;67
19479;1203843;1105653;1280277;67
20016;4947533;1105234;1280496;67
20017;1312995;1105242;1280485;67
19881;1203924;1105737;1280326;67
19882;1228439;1105411;1280297;67
19883;1203851;1105723;1280323;67
19884;1312456;1105353;1280705;67
19885;1312472;1105350;1280708;67
19886;1203932;1105762;1280351;67
19887;1228447;1105395;1280314;67
19888;1203941;1105791;1280363;67
19889;1203959;1105808;1280368;67
19890;1203975;1105806;1280349;67
21327;1273337;1105624;1280411;67
21328;1273345;1105624;1280382;67
21329;1273353;1105637;1280357;67
21330;1273370;1105617;1280371;67
21331;1273388;1105623;1280367;67
21334;1258206;1105248;1280258;67
21335;1258214;1105256;1280236;67
21336;1258222;1105268;1280203;67
21337;1258231;1105174;1280216;67
21338;1258249;1105177;1280206;67
21339;1258257;1105176;1280212;67
21340;1258273;1105181;1280165;67
21342;1258290;1105196;1280143;67
21343;1258303;1105204;1280148;67
21344;1258311;1105201;1280159;67
21345;1258320;1105217;1280144;67
21346;1313304;1105461;1280163;67
21347;1313312;1105474;1280146;67
21348;1258338;1105217;1280147;67
21354;1258346;1105226;1280165;67
21355;1258354;1105229;1280159;67
21356;1258371;1105234;1280173;67
21357;1258389;1105246;1280159;67
21358;1258397;1105240;1280152;67
21359;1309277;1105241;1280159;67
18790;1311981;1105326;1280578;67
18794;1203789;1105632;1280254;67
18795;1312014;1105378;1280611;67
18796;1312022;1105391;1280605;67
18797;1312031;1105382;1280638;67
20019;1313011;1105221;1280466;67
20020;8431329;1105221;1280465;67
20021;1204025;1105796;1280419;67
20025;1204050;1105729;1280363;67
20042;1204076;1105747;1280361;67
20043;1204084;1105767;1280370;67
20045;1204092;1105797;1280373;67
19608;1228676;1105810;1280177;67
19612;1328727;1105752;1280172;67
19618;1328743;1105761;1280173;67
19620;1328735;1105750;1280176;67
19622;1328751;1105735;1280172;67
19627;1312103;1105169;1280488;67
19628;1312111;1105156;1280506;67
19629;1312120;1105242;1280541;67
19891;1312481;1105360;1280672;67
19892;1312499;1105327;1280670;67
19893;1312502;1105310;1280670;67
19894;1312511;1105338;1280663;67
19895;1312529;1105318;1280659;67
19896;1312537;1105317;1280659;67
19897;1312545;1105308;1280648;67
19898;1312553;1105290;1280649;67
18563;1249053;1105312;1280459;67
18564;1249070;1105299;1280455;67
18565;1249088;1105291;1280451;67
18566;1249096;1105288;1280447;67
18567;1249100;1105280;1280419;67
18568;1249118;1105314;1280431;67
18569;1249126;1105328;1280400;67
19631;1312138;1105203;1280532;67
19637;1228391;1105353;1280285;67
19638;1228404;1105347;1280303;67
19639;1312171;1105159;1280528;67
19753;1328841;1105762;1280205;67
19754;1328859;1105753;1280205;67
18717;1312049;1105275;1280541;67
18725;1312057;1105260;1280527;67
18728;1249321;1105430;1280577;67
18729;1249339;1105448;1280583;67
18730;1249347;1105460;1280587;67
18734;1249371;1105425;1280596;67
21221;1313037;1105525;1280212;67
153124;2797704;1105166;1279954;67
22526;1161920;1105599;1280142;67
22527;1161938;1105612;1280128;67
22528;1161946;1105639;1280137;67
17673;1227441;1105746;1280453;67
17675;1227459;1105739;1280444;67
17679;1202812;1105421;1280382;67
17681;1202821;1105430;1280387;67
19755;1328883;1105753;1280239;67
19756;1312286;1105608;1280046;67
19757;1312294;1105615;1280049;67
19767;1328891;1105778;1280107;67
19768;1203797;1105676;1280240;67
19770;1203801;1105667;1280238;67
19774;1328905;1105790;1280081;67
19778;1203827;1105660;1280217;67
19779;1328913;1105789;1280081;67
19780;1161903;1105240;1280072;67
19781;1328921;1105804;1280080;67
19782;1328930;1105801;1280084;67
19783;1328948;1105777;1280102;67
19786;1312324;1105264;1280562;67
19787;1312332;1105247;1280554;67
18735;1249380;1105450;1280596;67
18737;1312081;1105213;1280511;67
18738;1249398;1105471;1280599;67
18739;1312090;1105183;1280508;67
18742;1228030;1105302;1280177;67
18743;1228048;1105318;1280182;67
21222;1313045;1105525;1280210;67
21225;1313053;1105526;1280230;67
21226;1313070;1105505;1280248;67
21227;1313088;1105483;1280258;67
21228;1313096;1105557;1280207;67
21229;1313100;1105560;1280173;67
21230;1313118;1105560;1280170;67
21231;1313126;1105564;1280142;67
21232;1204149;1105708;1280350;67
21233;1204157;1105679;1280354;67
21234;1313134;1105569;1280198;67
21235;1313142;1105605;1280181;67
21238;1313151;1105617;1280167;67
21239;1313177;1105641;1280160;67
21240;1204190;1105646;1280352;67
21241;1204203;1105686;1280345;67
23538;1162250;1105659;1280200;67
23539;1162276;1105658;1280203;67
23540;1162284;1105672;1280202;67
23552;1162292;1105646;1280164;67
18280;1203428;1105521;1280348;67
18297;1248936;1105413;1280435;67
18299;1248944;1105415;1280433;67
18300;1248952;1105397;1280432;67
18301;1203452;1105599;1280320;67
18302;1203479;1105607;1280332;67
18303;1203487;1105599;1280356;67
19923;1203983;1105815;1280331;67
19506;1203517;1105642;1280281;67
19508;1203525;1105629;1280301;67
19513;1203533;1105626;1280304;67
19514;1203541;1105629;1280308;67
19517;1203550;1105609;1280235;67
21360;1309285;1105246;1280154;67
21361;1309293;1105250;1280156;67
21362;1309307;1105261;1280171;67
21363;1313321;1105473;1280118;67
21364;1313339;1105440;1280106;67
21365;1313347;1105412;1280104;67
21366;1313355;1105481;1280141;67
21367;1313371;1105486;1280143;67
21368;1313380;1105509;1280120;67
21369;1313398;1105485;1280102;67
21374;1313436;1105473;1280099;67
21373;1313428;1105507;1280044;67
21375;1313444;1105474;1280115;67
21376;1313452;1105485;1280092;67
21377;1313479;1105484;1280076;67
21383;1313495;1105462;1280216;67
21384;1313509;1105474;1280162;67
21386;1313517;1105464;1280238;67
21387;1313525;1105456;1280258;67
21388;1313533;1105472;1280266;67
23554;1162403;1105645;1280161;67
23555;1162306;1105611;1280184;67
23556;1162411;1105610;1280185;67
23557;1162314;1105571;1280214;67
23558;1162420;1105572;1280218;67
23559;1162438;1105701;1280145;67
23560;1162446;1105684;1280136;67
23563;1162381;1105712;1280123;67
23564;1162471;1105735;1280103;67
23565;1162373;1105737;1280101;67
23566;1162489;1105794;1280060;67
23567;1162349;1105798;1280059;67
23568;1162357;1105830;1280043;67
23569;1162331;1105826;1280043;67
20060;1204106;1105720;1280377;67
20061;1204114;1105713;1280422;67
20062;1204122;1105717;1280379;67
20063;1204131;1105709;1280390;67
19644;1228412;1105388;1280296;67
19645;1228421;1105400;1280283;67
19646;1312189;1105183;1280543;67
19647;1312197;1105151;1280533;67
19648;1312308;1105150;1280539;67
18614;1203509;1105666;1280331;67
18628;1203118;1105547;1280286;67
18631;1203126;1105551;1280272;67
18632;1203134;1105561;1280240;67
18633;1249193;1105349;1280477;67
18634;1203142;1105544;1280288;67
22422;1273400;1105715;1280539;67
22426;1273418;1105718;1280537;67
22429;1273426;1105714;1280553;67
22431;1273434;1105701;1280548;67
22443;1273817;1105792;1280363;67
21389;1161733;1105302;1280077;67
21392;1161776;1105291;1280118;67
21393;1161784;1105294;1280128;67
21396;1329201;1105275;1279975;67
18570;1249134;1105335;1280428;67
18581;1203592;1105583;1280231;67
18583;1203606;1105591;1280241;67
18603;1249142;1105302;1280477;67
18755;1203657;1105801;1280286;67
18757;1311930;1105377;1280586;67
18758;1311948;1105346;1280576;67
18759;1311956;1105365;1280565;67
18766;1228285;1105352;1280271;67
18768;1228293;1105362;1280274;67
18769;1228307;1105375;1280276;67
18774;1228323;1105357;1280276;67
18778;1228331;1105351;1280325;67
18781;1228340;1105351;1280324;67
18635;1249207;1105403;1280485;67
18636;1249215;1105397;1280488;67
18639;1249240;1105405;1280515;67
18640;1203151;1105551;1280296;67
18641;1249258;1105393;1280507;67
22560;1162004;1105582;1280109;67
22562;1162012;1105593;1280081;67
22563;1162021;1105595;1280063;67
22564;1162039;1105574;1280114;67
22572;1162047;1105571;1280135;67
22574;1162055;1105541;1280118;67
22575;1162071;1105529;1280121;67
17682;1202839;1105437;1280369;67
17684;1202847;1105453;1280388;67
17685;1202855;1105437;1280381;67
17697;1227939;1105203;1280239;67
17698;1227947;1105196;1280237;67
17700;1227955;1105285;1280269;67
17701;1227971;1105287;1280271;67
18604;1249151;1105303;1280504;67
18605;1249177;1105313;1280504;67
18606;1249185;1105312;1280528;67
18791;1311999;1105342;1280608;67
19792;1328972;1105775;1280081;67
19793;1328956;1105779;1280081;67
19794;1328999;1105847;1280093;67
19795;1329006;1105844;1280110;67
19797;1329022;1105836;1280139;67
19799;1312341;1105291;1280570;67
19800;1312359;1105287;1280593;67
19801;1312375;1105274;1280611;67
19802;1312383;1105292;1280627;67
19805;1228722;1105580;1280098;67
19806;1328603;1105581;1280085;67
19807;1328611;1105572;1280084;67
21286;1204238;1105781;1280460;67
21287;1204246;1105778;1280482;67
21299;1204319;1105691;1280472;67
21300;1204327;1105692;1280502;67
21301;1204335;1105710;1280464;67
21302;1204343;1105689;1280438;67
21303;1313223;1105420;1280195;67
21305;1313231;1105400;1280199;67
21308;1204351;1105658;1280429;67
21310;1204378;1105646;1280430;67
21312;1204386;1105648;1280434;67
21315;1273272;1105669;1280443;67
21316;1313258;1105397;1280190;67
21317;1273281;1105684;1280437;67
21318;1313274;1105371;1280188;67
21319;1313282;1105375;1280181;67
21320;1313291;1105376;1280162;67
22585;1162098;1105575;1280159;67
22586;1162101;1105567;1280179;67
733303;2925478;1105410;1280733;67
733302;2925419;1105409;1280738;67
18309;1248987;1105376;1280491;67
18316;1248995;1105413;1280495;67
18317;1249002;1105413;1280486;67
18318;1249011;1105446;1280484;67
17835;1202995;1105459;1280395;67
17836;1203002;1105464;1280415;67
17837;1203011;1105462;1280442;67
19938;1312570;1105271;1280511;67
19945;1312596;1105236;1280474;67
19942;1312588;1105255;1280475;67
19947;1312600;1105255;1280476;67
19949;4947541;1105257;1280475;67
19952;4961170;1105258;1280456;67
19953;1312642;1105253;1280437;67
19954;1312651;1105240;1280437;67
19955;4961153;1105272;1280434;67
19957;1312685;1105240;1280447;67
19828;1312391;1105273;1280649;67
19829;1312405;1105238;1280637;67
21399;1329235;1105256;1279969;67
21400;1313541;1105506;1280216;67
21403;1313584;1105486;1280206;67
21404;1313592;1105509;1280211;67
21405;1313606;1105369;1280174;67
21406;1313614;1105375;1280150;67
21407;1313622;1105382;1280122;67
21408;1313631;1105343;1280175;67
21411;1313673;1105329;1280187;67
21412;1313681;1105355;1280221;67
21413;1313690;1105346;1280254;67
21414;1313703;1105366;1280258;67
21415;1313711;1105371;1280224;67
29781;1453700;1105410;1280755;67
29782;1453718;1105293;1280745;67
29784;1453734;1105267;1280711;67
29785;1453742;1105280;1280699;67
29786;1453751;1105267;1280695;67
29798;1411578;1105282;1280676;67
29799;1411586;1105281;1280656;67
209163;2877945;1105847;1280058;67
209164;2877953;1105835;1280063;67
209165;2877899;1105853;1280094;67
209166;2877902;1105846;1280094;67
209167;2877911;1105839;1280093;67
209168;2877929;1105842;1280091;67
209169;2878003;1105850;1280115;67
209170;2878011;1105847;1280114;67
31849;1274431;1104803;1280621;67
31850;1274449;1104810;1280599;67
31851;1274457;1104791;1280619;67
209171;2878020;1105851;1280144;67
32051;1330098;1105601;1280038;67
32062;1330217;1105590;1280035;67
31865;1274619;1104697;1280627;67
31866;1274627;1104676;1280626;67
31868;1274643;1104629;1280617;67
31869;1274651;1104623;1280595;67
31870;1274678;1104637;1280568;67
31871;1274686;1104635;1280549;67
31873;1274708;1104655;1280541;67
31874;1274716;1104661;1280540;67
31875;1274724;1104721;1280609;67
31876;1274732;1104731;1280579;67
31877;1274741;1104734;1280552;67
31878;1274759;1104711;1280592;67
29170;1314556;1105271;1280659;67
29171;1314572;1105181;1280667;67
29172;1314581;1105183;1280683;67
29173;1314599;1105178;1280698;67
29174;1262912;1104920;1280662;67
29175;1262921;1104900;1280647;67
29176;1262939;1104948;1280642;67
29177;1262947;1104967;1280636;67
32063;1330225;1105575;1280075;67
32064;1329791;1105441;1280004;67
32065;1329804;1105461;1280014;67
32066;1329812;1105492;1280018;67
32068;1329839;1105483;1280044;67
32069;1329847;1105485;1280068;67
32076;1329928;1105391;1280039;67
32077;1329936;1105401;1280032;67
29153;1314378;1105148;1280633;67
29154;1314386;1105121;1280630;67
29155;1314394;1105180;1280628;67
29156;1314408;1105164;1280629;67
29157;1314416;1105151;1280620;67
29158;1314424;1105119;1280615;67
29159;1314432;1105187;1280597;67
29160;1314441;1105190;1280565;67
29163;1314483;1105191;1280607;67
29164;1314491;1105197;1280593;67
29165;1314505;1105204;1280568;67
29166;1314513;1105208;1280548;67
29167;1314521;1105211;1280642;67
29168;1314530;1105227;1280652;67
29169;1314548;1105251;1280656;67
30241;1443429;1105045;1280698;67
29180;1262980;1104973;1280678;67
29818;1411799;1105156;1280715;67
29819;1453408;1105158;1280721;67
29820;1453416;1105149;1280717;67
29823;1453441;1105176;1280659;67
29824;1453459;1105170;1280666;67
29828;1453505;1105193;1280726;67
29829;1453513;1105221;1280738;67
29832;1411616;1105317;1280751;67
197332;2862905;1105713;1280346;67
209173;2878046;1105852;1280174;67
31469;1262670;1105094;1280612;67
31470;1262688;1105097;1280571;67
31472;1262700;1105066;1280570;67
31473;1262718;1105041;1280584;67
31474;1262726;1105070;1280534;67
31475;1262734;1105040;1280556;67
31476;1262742;1105036;1280553;67
31479;1262785;1105039;1280615;67
209174;2878054;1105849;1280170;67
209172;2878038;1105846;1280149;67
209175;2878071;1105846;1280181;67
31480;1262793;1104999;1280607;67
31481;1262807;1104990;1280636;67
31482;1262815;1104986;1280686;67
31483;1262823;1105081;1280629;67
31484;1262831;1105081;1280654;67
31485;1262840;1105077;1280667;67
31486;1262858;1105085;1280645;67
31487;1262874;1105084;1280665;67
31488;1262882;1105086;1280680;67
31495;1263056;1104871;1280659;67
31496;1263072;1104930;1280620;67
31497;1263081;1104949;1280616;67
31498;1263099;1104896;1280642;67
31499;1263102;1104905;1280634;67
31500;1263111;1104888;1280641;67
31501;1263129;1104887;1280608;67
31502;1263137;1104904;1280622;67
31503;1263145;1104888;1280585;67
31504;1263153;1104855;1280575;67
32078;1329944;1105386;1280061;67
32079;1329952;1105378;1280089;67
32081;1329987;1105373;1280095;67
32082;1329995;1105372;1280099;67
29712;1453173;1105267;1280735;67
29713;1453181;1105267;1280718;67
29714;1453190;1105276;1280722;67
32083;1330004;1105394;1280100;67
32084;1330012;1105386;1280141;67
32085;1330021;1105416;1280099;67
32086;1330039;1105425;1280090;67
32087;1330047;1105410;1280011;67
32088;1330055;1105403;1280030;67
32089;1330071;1105391;1280078;67
32090;1330080;1105407;1280087;67
30059;1453891;1105458;1280781;67
30060;1453904;1105453;1280764;67
31544;1263609;1105135;1280384;67
29768;1453556;1105393;1280767;67
29771;1453599;1105361;1280756;67
29772;1453602;1105355;1280762;67
29773;1453611;1105366;1280748;67
29774;1453629;1105370;1280741;67
29776;1453645;1105365;1280709;67
29777;1453653;1105358;1280700;67
29778;1453670;1105368;1280703;67
29779;1453688;1105381;1280692;67
30061;1453912;1105451;1280753;67
30062;1453921;1105451;1280734;67
30065;1453955;1105459;1280749;67
30066;1453971;1105466;1280714;67
30067;1453980;1105471;1280696;67
30068;1453998;1105478;1280698;67
30069;1454005;1105499;1280707;67
30070;1454013;1105521;1280701;67
30071;1454021;1105458;1280678;67
30072;1454030;1105443;1280676;67
30073;1454048;1105412;1280681;67
30074;1454056;1105426;1280691;67
30075;1454072;1105423;1280698;67
30076;1454081;1105392;1280666;67
30077;1454099;1105397;1280687;67
30078;1454102;1105415;1280712;67
30079;1454111;1105423;1280738;67
30080;1454129;1105471;1280674;67
30081;1454137;1105471;1280660;67
30082;1454145;1105467;1280644;67
30083;1454153;1105482;1280629;67
30084;1454170;1105472;1280791;67
30086;1454196;1105491;1280804;67
30087;1454200;1105516;1280808;67
32015;1275631;1104617;1280574;67
32016;1275640;1104622;1280573;67
31546;1263625;1105154;1280371;67
31547;1263633;1105159;1280374;67
31548;1263641;1105165;1280382;67
31549;1263650;1105134;1280422;67
31550;1263676;1105152;1280438;67
31551;1263684;1105162;1280415;67
31552;1263692;1105165;1280414;67
31555;1189000;1105126;1280383;67
31556;1189018;1105127;1280400;67
31557;1189026;1105134;1280340;67
31558;1189034;1105107;1280332;67
31559;1189042;1105067;1280329;67
31843;1274376;1104751;1280642;67
31847;1274414;1104800;1280648;67
31848;1274422;1104823;1280652;67
29780;1453696;1105385;1280727;67
734328;2898608;1105016;1280457;67
734329;2898616;1105762;1280228;67
36793;1485687;1105095;1280182;67
36794;1485695;1105066;1280198;67
36795;1485709;1105045;1280169;67
36796;1485717;1105095;1280231;67
36797;1485725;1105107;1280224;67
36798;1485733;1105134;1280245;67
36799;1485741;1105116;1280279;67
36800;1485750;1105127;1280295;67
36802;1512587;1105090;1280134;67
36803;1485784;1105128;1280149;67
36804;1485792;1105151;1280144;67
36808;1485831;1105145;1280137;67
36809;1485849;1105166;1280140;67
36810;1485857;1105121;1280019;67
36811;1485873;1105147;1280043;67
36812;1485881;1105089;1280056;67
36813;1485890;1105092;1280086;67
36814;1485903;1105090;1280106;67
36815;1485911;1104981;1280023;67
36816;1485920;1104994;1280013;67
36817;1485938;1105014;1279995;67
36818;1509926;1105014;1279968;67
35901;1449133;1105555;1280762;67
35902;1449141;1105547;1280757;67
35903;1449150;1105551;1280797;67
35904;1449176;1105554;1280807;67
35905;1449184;1105571;1280819;67
35906;1449192;1105596;1280823;67
35907;1449206;1105611;1280827;67
35910;1449231;1105668;1280823;67
38914;1454641;1104989;1280195;67
38915;1454650;1104981;1280210;67
38916;1454676;1104981;1280219;67
38918;1454692;1105020;1280221;67
38919;1454706;1105019;1280202;67
38920;1454714;1104966;1280206;67
38921;1454722;1104952;1280204;67
38922;1512471;1104931;1280199;67
38923;1512480;1104908;1280195;67
38924;1512498;1104979;1280245;67
38925;1512501;1104965;1280242;67
38926;1512510;1104964;1280267;67
38927;1512528;1105019;1280047;67
38928;1512536;1105019;1280127;67
35911;1449249;1105519;1280792;67
35912;1449257;1105546;1280751;67
35913;1449273;1105639;1280821;67
35914;1449281;1105657;1280823;67
35915;1449290;1105554;1280800;67
35916;1449303;1105558;1280808;67
35917;1449311;1105672;1280662;67
35918;1449320;1105664;1280639;67
35919;1449338;1105702;1280651;67
35920;1449346;1105732;1280651;67
35921;1449354;1105755;1280661;67
35922;1449371;1105675;1280625;67
35924;1449397;1105721;1280623;67
35925;1449401;1105738;1280621;67
35927;1449427;1105655;1280621;67
35929;1449443;1105607;1280626;67
35930;1449451;1105624;1280622;67
35931;1180916;1105601;1280610;67
38929;1512544;1105056;1280128;67
36819;1485946;1105018;1280008;67
36821;1485971;1104948;1280015;67
36822;1485989;1104950;1280021;67
36823;1485997;1104964;1280033;67
36824;1487001;1104972;1280061;67
36826;1487027;1104912;1280007;67
36827;1487035;1104916;1280014;67
36828;1487043;1104925;1280038;67
36829;1487051;1104946;1280058;67
36830;1487078;1104954;1280072;67
36831;1487086;1104906;1280041;67
36832;1487094;1104909;1280062;67
36833;1487108;1104904;1280084;67
36834;1487116;1104898;1280096;67
36835;1487124;1104904;1280106;67
36836;1487132;1104877;1280079;67
36837;1487141;1104888;1279980;67
36838;1487159;1104883;1279958;67
36839;1487175;1104743;1280001;67
36840;1487183;1104737;1280021;67
36841;1487191;1104727;1280050;67
36842;1487230;1104734;1280054;67
36843;1487205;1104730;1280085;67
36844;1487213;1104720;1280111;67
35932;1449478;1105664;1280693;67
35933;1449486;1105658;1280704;67
35934;1449494;1105653;1280717;67
38930;1512552;1105043;1280114;67
38931;1512579;1105084;1280129;67
38932;1512595;1105082;1280160;67
38933;1512609;1105066;1280126;67
38934;1512617;1105028;1280030;67
38935;1512625;1105047;1280028;67
733392;2931826;1105600;1280537;67
733393;2931834;1105602;1280429;67
36847;1487256;1104776;1280024;67
36848;1487272;1104803;1279988;67
36849;1487281;1104805;1279970;67
36850;1487299;1104757;1279933;67
36851;1487302;1104761;1279912;67
36852;1487311;1104762;1279893;67
36853;1487329;1104771;1279871;67
35935;1449532;1105662;1280720;67
35936;5608937;1105642;1280724;67
35937;1449516;1105616;1280716;67
35938;1449524;1105596;1280715;67
35939;1449541;1105563;1280707;67
35940;1449559;1105523;1280692;67
35941;1449575;1105504;1280697;67
35942;1449583;1105573;1280678;67
35943;1449591;1105561;1280653;67
35944;1449605;1105578;1280632;67
35945;1180908;1105579;1280606;67
35946;1449613;1105651;1280737;67
35948;1449630;1105646;1280735;67
35949;1449648;1105646;1280737;67
35950;1449656;1105647;1280757;67
35951;1449672;1105642;1280794;67
35952;1449681;1105634;1280821;67
35953;1449699;1105686;1280744;67
35954;1449702;1105717;1280749;67
35955;1449711;1105735;1280752;67
35956;1449729;1105741;1280751;67
35958;1449745;1105738;1280814;67
35959;1449753;1105732;1280827;67
35960;1449770;1105710;1280821;67
35961;1449788;1105691;1280823;67
35963;2703351;1105732;1280824;67
35964;1449818;1105675;1280641;67
35965;1449826;1105680;1280628;67
35967;1449842;1105702;1280622;67
36531;1435132;1105587;1280579;67
36532;1435141;1105586;1280574;67
36533;1435159;1105593;1280581;67
36535;1435183;1105623;1280520;67
36536;1435191;1105622;1280536;67
36537;1435205;1105631;1280537;67
36538;1435213;1105624;1280540;67
36539;1435221;1105673;1280589;67
36540;1435230;1105674;1280586;67
36541;1435248;1105672;1280572;67
36542;1435256;1105734;1280627;67
36543;1435272;1105750;1280614;67
36544;1435281;1105750;1280598;67
39237;1487531;1105128;1279974;67
39238;1487540;1105115;1279969;67
39239;1487558;1105109;1279999;67
39240;1487574;1105105;1280008;67
39244;2702495;1105037;1280024;67
39253;1487582;1105156;1279954;67
39254;1487591;1105180;1279958;67
36005;1462202;1105635;1280781;67
36006;1462211;1105638;1280750;67
36007;1462229;1105641;1280762;67
36008;1462237;1105630;1280782;67
36009;1462245;1105640;1280730;67
36010;1462253;1105634;1280768;67
36011;1462270;1105637;1280789;67
36012;1462288;1105631;1280788;67
36013;1462296;1105612;1280723;67
36014;1462300;1105587;1280722;67
36015;1462318;1105622;1280714;67
36016;1462326;1105564;1280696;67
36017;1462334;1105564;1280704;67
36018;1462342;1105488;1280691;67
35855;1433806;1105493;1280496;67
35856;1433814;1105494;1280509;67
36019;1462351;1105573;1280661;67
36020;1462377;1105582;1280625;67
36021;1462385;1105652;1280629;67
36022;1462393;1105666;1280644;67
36024;1462415;1105646;1280641;67
36026;1462431;1105681;1280602;67
36027;1462440;1105684;1280600;67
35968;1449851;1105731;1280808;67
35969;1449877;1105729;1280804;67
35974;1449923;1105678;1280734;67
35975;1449931;1105715;1280731;67
35976;1449940;1105742;1280746;67
35977;2895081;1105756;1280719;67
35978;2895056;1105757;1280686;67
35984;1450034;1105752;1280632;67
35986;1450051;1105745;1280642;67
35987;1450077;1105740;1280636;67
35988;1450085;1105731;1280643;67
35989;1450093;1105723;1280637;67
35991;1450115;1105663;1280630;67
35992;1450123;1105669;1280618;67
35993;1450131;1105669;1280682;67
35994;1450140;1105671;1280683;67
35995;1450158;1105651;1280736;67
35996;1450174;1105662;1280726;67
36611;1447807;1105601;1280531;67
36612;1447815;1105605;1280540;67
36613;1447823;1105510;1280460;67
36615;1447840;1105637;1280539;67
36616;1447858;1105630;1280541;67
36617;1447874;1105658;1280674;67
35997;1450182;1105684;1280728;67
35998;1450191;1105711;1280737;67
35999;2895102;1105757;1280740;67
36000;2895099;1105756;1280744;67
36001;2895013;1105761;1280664;67
36004;1462199;1105737;1280805;67
35857;1433822;1105491;1280532;67
35858;1433831;1105488;1280561;67
35859;1433849;1105483;1280575;67
35860;1433857;1105462;1280495;67
35861;1433873;1105444;1280483;67
35862;1433881;1105496;1280490;67
35863;1433890;1105507;1280471;67
35864;1433903;1105502;1280451;67
35866;1433920;1105509;1280497;67
35867;1180843;1105525;1280510;67
43198;1509918;1105022;1279947;67
43199;1509934;1105035;1279969;67
43209;1510045;1105004;1279924;67
43210;1510053;1104937;1279930;67
43214;1539507;1104925;1279964;67
43215;1539515;1104917;1279974;67
43216;1539523;1104921;1279975;67
43217;1539531;1104909;1279984;67
43218;1539540;1104905;1279953;67
43219;1539558;1104891;1279930;67
43220;1539574;1104915;1279910;67
43221;1539582;1104886;1279902;67
739051;4127226;1105774;1280466;67
43954;1180703;1105574;1280515;67
43955;1180711;1105600;1280520;67
43956;1180720;1105660;1280526;67
43957;1180738;1105639;1280542;67
43958;1180746;1105601;1280487;67
43959;1180754;1105611;1280470;67
43960;1180771;1105617;1280445;67
43961;1181009;1105624;1280436;67
43962;1180789;1105615;1280419;67
43963;1180797;1105592;1280419;67
43964;1180801;1105568;1280420;67
43965;1180819;1105561;1280417;67
43966;1180827;1105533;1280411;67
48457;1913387;1105091;1280532;67
48458;1913395;1105084;1280535;67
48459;1975137;1105054;1280562;67
48460;1975145;1105054;1280563;67
48461;1975153;1105012;1280588;67
48462;1975170;1105009;1280584;67
48463;1975188;1104976;1280612;67
48464;1975196;1104984;1280607;67
48465;1975200;1104947;1280628;67
48466;1975218;1104949;1280633;67
48467;1975226;1104909;1280655;67
48468;1975234;1104906;1280664;67
43234;1539728;1104910;1279980;67
43235;1539736;1104891;1279962;67
43236;1539744;1104885;1279959;67
43237;1539752;1104864;1279922;67
43238;1539779;1104871;1279921;67
43241;1539809;1104958;1280059;67
43242;1539817;1104960;1280069;67
43243;1539825;1104983;1280094;67
43244;1539833;1104979;1280096;67
43967;1180835;1105531;1280502;67
43968;1180878;1105532;1280513;67
43969;1180886;1105549;1280521;67
48351;1913298;1105138;1280520;67
48352;1913301;1105138;1280519;67
48353;1913310;1105127;1280510;67
48354;1913328;1105128;1280507;67
48355;1913336;1105146;1280502;67
43970;1180894;1105589;1280557;67
43971;1180932;1105559;1280612;67
43973;1180941;1105537;1280598;67
43975;1180975;1105524;1280595;67
43976;1180851;1105512;1280609;67
43977;1180983;1105495;1280595;67
43978;1180991;1105487;1280588;67
43979;1181017;1105487;1280599;67
48356;1913344;1105147;1280497;67
48358;1913379;1105157;1280488;67
43196;1509896;1105031;1279926;67
43197;1509900;1104973;1279914;67
52800;1919750;1104748;1280264;67
52801;1919741;1104713;1280245;67
52802;1919814;1104695;1280250;67
52805;1919776;1104787;1280279;67
52806;1919792;1104767;1280339;67
52807;1919784;1104768;1280305;67
57836;1873059;1104905;1280300;67
57849;1907107;1104732;1279979;67
57850;1907115;1104737;1279990;67
57851;1907123;1104741;1279937;67
57852;1907131;1104748;1279938;67
57855;1907174;1104760;1279892;67
57856;1907182;1104755;1279899;67
55657;1874420;1105020;1280301;67
55658;1874438;1104979;1280306;67
55659;1874446;1104965;1280304;67
55660;1874454;1104951;1280285;67
55661;1795007;1104952;1280341;67
55662;1795015;1104957;1280349;67
55663;1795023;1105010;1280310;67
55664;1795031;1105043;1280324;67
55665;1795040;1105043;1280321;67
55667;1795058;1105056;1280300;67
55668;1795074;1105055;1280262;67
55670;1795104;1105050;1280269;67
55672;1795121;1105045;1280340;67
55673;1795139;1105030;1280374;67
55674;1795147;1105033;1280323;67
63858;1873415;1104936;1280290;67
63859;1873423;1104948;1280308;67
63860;1873431;1104943;1280340;67
63861;1873440;1104935;1280360;67
61385;2080133;1105035;1280695;67
61386;2080125;1104986;1280689;67
66199;2110199;1104701;1280212;67
66200;2110181;1104711;1280181;67
63862;1873458;1104887;1280283;67
63863;1873474;1104881;1280246;67
63864;1873482;1104868;1280236;67
63865;1873491;1104877;1280229;67
63866;1873504;1104883;1280220;67
63867;1873512;1104894;1280182;67
63868;1873521;1104883;1280180;67
63869;1873539;1104873;1280282;67
63870;1873547;1104922;1280279;67
63871;1873555;1104929;1280285;67
63872;1873571;1104864;1280316;67
63873;1873580;1104859;1280341;67
63876;1873610;1104856;1280303;67
63878;1873636;1104826;1280275;67
755120;1260162;1105241;1280262;67
77207;2064405;1104751;1280428;67
77208;2064413;1104767;1280391;67
77209;2064421;1104762;1280370;67
77210;2064430;1104734;1280481;67
77211;2064448;1104739;1280505;67
77212;2064456;1104728;1280503;67
77214;2064481;1104752;1280560;67
77215;2064499;1104699;1280545;67
77216;2064502;1104696;1280530;67
77217;2064511;1104680;1280545;67
77218;2064529;1104660;1280542;67
77219;2064537;1104659;1280527;67
77220;2064545;1104656;1280531;67
77221;2064553;1104741;1280437;67
77222;2064570;1104717;1280441;67
77223;2064588;1104694;1280433;67
77224;2064596;1104700;1280442;67
77225;2064600;1104673;1280428;67
70716;2000377;1104972;1280399;67
70717;2000385;1104925;1280400;67
70718;2000393;1104891;1280391;67
70719;2000407;1104865;1280386;67
70720;2000415;1104999;1280402;67
70721;2000423;1104974;1280395;67
70722;2000431;1104944;1280382;67
70723;2000440;1104937;1280382;67
70724;2061481;1104902;1280379;67
70725;2000458;1104886;1280372;67
70726;2000474;1104868;1280376;67
74072;2179814;1105493;1280108;67
73631;2243474;1104839;1280442;67
73632;2243482;1104840;1280414;67
73633;2243491;1104854;1280400;67
73634;2001713;1104861;1280366;67
73636;2001730;1104890;1280472;67
73637;2001748;1104915;1280478;67
73638;2001756;1104859;1280480;67
73639;2001772;1104877;1280479;67
70727;2000482;1105032;1280405;67
70728;2000491;1105028;1280416;67
73518;2064618;1104845;1279933;67
73519;2064626;1104823;1279884;67
73523;2064677;1104852;1279892;67
70729;2000504;1105025;1280454;67
70730;2000512;1105050;1280382;67
70731;2000521;1105049;1280405;67
70732;2061473;1105083;1280414;67
70733;2061490;1104951;1280492;67
70734;2061708;1104930;1280482;67
70735;2061503;1104923;1280456;67
70736;2061511;1104941;1280425;67
70737;2061520;1104947;1280401;67
70738;2061538;1104917;1280518;67
70739;2061546;1104913;1280517;67
70740;2061554;1104914;1280529;67
70741;2061571;1104934;1280584;67
70742;2061589;1104955;1280582;67
70743;2061597;1104977;1280586;67
70744;2061716;1104979;1280495;67
70745;2061601;1105001;1280507;67
70746;2061619;1105004;1280509;67
70747;2061627;1105008;1280497;67
70748;2061635;1105045;1280519;67
70749;2061643;1105068;1280514;67
70750;2061724;1105009;1280512;67
70751;2061651;1105011;1280523;67
70752;2061678;1104997;1280557;67
70753;2061686;1105007;1280555;67
70754;2061694;1104989;1280577;67
70756;2064138;1104815;1280569;67
70757;2061741;1104927;1280496;67
70758;2061759;1104927;1280509;67
70759;2061775;1104915;1280553;67
70760;2061783;1104915;1280561;67
73335;2059193;1104789;1280358;67
73336;2059207;1104809;1280362;67
73337;2059215;1104831;1280360;67
85164;2059321;1104815;1280112;67
85165;2059339;1104827;1280085;67
85166;2059347;1104814;1280085;67
85167;2059355;1104776;1280073;67
85168;2059371;1104755;1280075;67
85169;2059380;1104742;1280072;67
85170;2059525;1104751;1280065;67
85171;2059398;1104742;1280079;67
85172;2059401;1104849;1280090;67
85237;2059606;1104833;1280033;67
85238;2059614;1104824;1280039;67
85239;2059622;1104788;1280024;67
85131;2059070;1104696;1280354;67
85132;2059088;1104701;1280341;67
85133;2059096;1104745;1280352;67
85134;2059100;1104681;1280310;67
85135;2059231;1104689;1280329;67
80779;2001781;1104857;1280481;67
80780;2001799;1104829;1280499;67
80781;2001802;1104821;1280542;67
80782;2001811;1104811;1280551;67
80783;2001829;1104805;1280564;67
80784;2001837;1104780;1280559;67
80785;2001845;1104758;1280558;67
80786;2001853;1104767;1280551;67
80787;2064146;1104853;1280560;67
80788;2064154;1104873;1280568;67
80789;2064171;1104823;1280467;67
80790;2064189;1104796;1280464;67
80791;2064197;1104831;1280438;67
80792;2064201;1104827;1280421;67
80793;2064219;1104834;1280395;67
80794;2064227;1104835;1280377;67
80795;2064243;1104796;1280454;67
80796;2064251;1104774;1280453;67
80797;2064278;1104824;1280485;67
80798;2064286;1104815;1280511;67
80799;2064294;1104807;1280524;67
80800;2064308;1104809;1280523;67
80801;2064316;1104809;1280510;67
80802;2064324;1104804;1280556;67
80803;2064332;1104812;1280580;67
80804;2064341;1104811;1280503;67
80805;2064359;1104807;1280501;67
85173;2059410;1104868;1280099;67
85174;2059428;1104808;1280170;67
85178;2059479;1104841;1280180;67
85179;2059487;1104877;1280189;67
85180;2059495;1104886;1280146;67
85181;2059509;1104788;1280175;67
85182;2059517;1104801;1280158;67
85183;2059533;1104791;1280198;67
85184;2059541;1104780;1280231;67
85185;2059550;1104799;1280232;67
85186;2059576;1104766;1280172;67
85187;2059584;1104729;1280158;67
85188;2059592;1104763;1280153;67
85191;2059282;1104768;1280058;67
85192;2059291;1104733;1280056;67
85193;2059304;1104731;1280045;67
85194;2059312;1104742;1280049;67
85195;2059631;1104870;1279991;67
85196;2059649;1104838;1280008;67
85197;2059657;1104834;1280052;67
85198;2059673;1104842;1280082;67
80806;2064375;1104822;1280459;67
80807;2064383;1104824;1280453;67
80808;2064391;1104832;1280394;67
85136;2059118;1104676;1280373;67
85137;2059126;1104663;1280399;67
85138;2059134;1104657;1280409;67
85139;2059142;1104657;1280423;67
85140;2840456;1104657;1280446;67
85141;2840472;1104646;1280486;67
85142;2840481;1104639;1280518;67
85143;2059240;1104648;1280518;67
85144;2059258;1104643;1280523;67
88843;2345986;1105191;1280645;67
88845;2347008;1105216;1280544;67
88846;2347016;1105214;1280494;67
88848;2347024;1105111;1280534;67
88849;2347032;1105157;1280335;67
88851;2347041;1105108;1280318;67
92936;2287137;1105686;1280504;67
92937;2287145;1105692;1280483;67
103196;2408805;1105269;1280173;67
103197;2408813;1105247;1280357;67
103198;2408830;1105229;1280357;67
95459;2357011;1105659;1280652;67
95461;2357020;1105654;1280639;67
103200;2408821;1105184;1280352;67
210106;2887827;1104885;1279933;67
119037;2598221;1105013;1280129;67
119038;2598230;1105003;1280128;67
119039;2598248;1105084;1280238;67
119040;2598256;1105078;1280234;67
119041;2598272;1105109;1280280;67
119042;2598281;1105114;1280283;67
119043;2598299;1105131;1280319;67
119044;2598302;1105129;1280318;67
119045;2598311;1105162;1280356;67
119046;2598329;1105162;1280352;67
119047;2598337;1105183;1280389;67
119048;2598345;1105179;1280392;67
117760;2495856;1105620;1280828;67
117761;2495872;1105625;1280829;67
117762;2495881;1105581;1280823;67
122288;2740702;1105007;1280075;67
122289;2740711;1104996;1280070;67
119508;2733137;1105201;1280010;67
121820;2703386;1105777;1280556;67
121821;2717204;1105771;1280552;67
121832;2703408;1105811;1280279;67
121833;2717212;1105816;1280280;67
121836;2707110;1104978;1280500;67
121839;2707128;1105011;1280515;67
121231;2501210;1104729;1280534;67
120277;2738406;1104932;1280498;67
120278;2738414;1104928;1280493;67
121233;2501228;1104724;1280551;67
121234;2501236;1104722;1280568;67
121235;2501244;1104721;1280568;67
121236;2501252;1104711;1280581;67
121347;2742551;1105784;1280094;67
121348;2742578;1105794;1280084;67
121349;2742586;1105798;1280083;67
119091;2485851;1105306;1280549;67
119096;2485621;1105261;1280502;67
119097;2485630;1105280;1280545;67
119100;2485770;1105314;1280585;67
119101;2485672;1105310;1280580;67
119102;2485681;1105335;1280617;67
119103;2485699;1105328;1280621;67
119104;2485702;1105351;1280651;67
119105;2485711;1105356;1280647;67
119106;2485737;1105411;1280724;67
119107;2485729;1105408;1280724;67
119108;2485745;1105428;1280758;67
119109;2485753;1105428;1280757;67
121840;2559471;1105000;1280538;67
121842;2559498;1104992;1280585;67
121843;2717182;1104986;1280592;67
121849;2559501;1104976;1280153;67
121854;2559510;1104984;1280121;67
121860;2559528;1104987;1280113;67
121861;2559536;1104969;1280108;67
121862;2717140;1104974;1280109;67
121863;2559544;1105009;1280129;67
121864;2559552;1105030;1280158;67
121865;2559579;1105041;1280190;67
121866;2559587;1105059;1280205;67
121868;2559609;1105061;1280239;67
121869;2717158;1105063;1280242;67
121190;2702479;1105064;1280026;67
119033;2598183;1105054;1280198;67
119034;2598191;1105061;1280203;67
121319;2501724;1105402;1280183;67
121320;2501716;1105411;1280161;67
119035;2598205;1105034;1280166;67
119036;2598213;1105029;1280168;67
121346;2742543;1105781;1280115;67
122287;2740699;1105009;1280079;67
117763;2495899;1105586;1280818;67
117764;2495911;1105535;1280809;67
120751;2741423;1105778;1280114;67
6780;1093878;1105007;1279972;67
6781;1075471;1105157;1280052;67
2716;1069021;1105475;1280135;67
2717;1069039;1105486;1280053;67
2735;1069128;1105576;1280099;67
122649;3020371;1105435;1280700;67
1541;1061607;1105125;1280322;67
1580;1064312;1105166;1280252;67
1600;1061704;1105293;1280122;67
22436;1273809;1105789;1280359;67
22454;1273531;1105747;1280510;67
22455;1273540;1105743;1280523;67
17726;1202880;1105437;1280370;67
17727;1202898;1105436;1280345;67
17750;1202944;1105392;1280355;67
17751;1227327;1105194;1280390;67
23526;1162705;1105719;1280106;67
43972;1180924;1105567;1280608;67
23561;1162390;1105681;1280140;67
23562;1162454;1105708;1280123;67
36618;1447882;1105650;1280668;67
36619;1447891;1105655;1280670;67
21236;1204173;1105653;1280349;67
21237;1204181;1105650;1280344;67
21255;1329316;1105202;1280000;67
21274;1329243;1105292;1279980;67
21293;1329057;1105298;1280026;67
21294;1161849;1105292;1280040;67
21313;1204394;1105646;1280445;67
21314;1313240;1105441;1280190;67
21332;1273396;1105628;1280395;67
21333;1258192;1105229;1280253;67
21352;1329103;1105377;1279995;67
21370;1313401;1105495;1280082;67
21372;1313410;1105503;1280067;67
21390;1161741;1105291;1280115;67
21391;1161750;1105296;1280107;67
21409;1313649;1105304;1280171;67
21410;1313657;1105367;1280189;67
7263;1113348;1105507;1280495;67
3295;1060287;1105127;1280634;67
3296;1060295;1105173;1280635;67
3390;1052039;1105311;1280752;67
36805;1485806;1105106;1280071;67
36806;1485814;1105092;1280123;67
36845;1487221;1104720;1280138;67
32052;1330101;1105602;1280052;67
32075;1329910;1105395;1280000;67
3428;1048988;1105517;1280455;67
3429;1048996;1105620;1280529;67
29161;1314459;1105185;1280643;67
29162;1314475;1105193;1280629;67
29182;1263005;1105012;1280690;67
18174;1227386;1105237;1280359;67
18210;1203100;1105515;1280401;67
121172;2742446;1105192;1280628;67
18308;1248979;1105371;1280483;67
18320;1249037;1105447;1280488;67
19440;1203894;1105649;1280207;67
36846;1487248;1104717;1280123;67
121188;2702509;1105102;1280027;67
121189;2702487;1105096;1280035;67
19633;1312146;1105200;1280539;67
19649;1312316;1105127;1280534;67
19709;1312201;1105723;1280071;67
19746;1328824;1105832;1280214;67
18562;1249045;1105304;1280474;67
18579;1203584;1105592;1280236;67
18637;1249223;1105401;1280458;67
18638;1249231;1105419;1280479;67
18656;1227998;1105288;1280264;67
18731;1312073;1105247;1280514;67
18732;1249355;1105389;1280587;67
35908;1449214;1105617;1280827;67
35909;1449222;1105637;1280830;67
35928;1449435;1105637;1280637;67
35947;1449621;1105654;1280738;67
35966;1449834;1105693;1280630;67
35985;1450042;1105755;1280645;67
36002;2895072;1105755;1280717;67
36003;2895048;1105756;1280691;67
36023;1462407;1105663;1280658;67
31477;1262751;1105094;1280556;67
31478;1262777;1105047;1280613;67
31493;1263030;1104853;1280660;67
31494;1263048;1104834;1280656;67
121992;2588854;1105245;1280345;67
121993;2589401;1105283;1280355;67
121994;2589419;1105318;1280367;67
121998;2589427;1105322;1280364;67
122000;2717174;1105326;1280362;67
2099;1068407;1105536;1280287;67
2180;1068733;1105782;1280114;67
2198;1068857;1105346;1280271;67
2218;1068954;1105438;1280283;67
2273;1059327;1104815;1280140;67
19860;1312421;1105298;1280590;67
19861;1312430;1105319;1280619;67
19937;1228480;1105400;1280289;67
745790;4929845;1105403;1280014;67
19951;1312626;1105260;1280458;67
19992;1312782;1105218;1280432;67
19993;1312791;1105220;1280439;67
20013;1312944;1105211;1280477;67
31553;1263706;1105159;1280479;67
31554;1263714;1105140;1280484;67
43212;1539485;1104933;1279966;67
43213;1539493;1104922;1279942;67
43239;1539787;1104941;1280026;67
43240;1539795;1104936;1280023;67
1636;1068024;1105365;1280376;67
17655;1202804;1105309;1280359;67
18753;1203649;1105804;1280280;67
18771;1228315;1105371;1280277;67
29800;1411594;1105297;1280668;67
29801;1411608;1105291;1280667;67
29821;1453424;1105166;1280707;67
29822;1453432;1105172;1280684;67
1655;1055038;1104993;1280133;67
1830;1064584;1105688;1280058;67
1867;4064143;1105681;1280170;67
1886;1058959;1105046;1280348;67
1907;1059009;1105023;1280512;67
1965;1068245;1105298;1280537;67
23525;1162691;1105701;1280109;67
18792;1312006;1105351;1280632;67
18793;1203771;1105637;1280243;67
18868;1227840;1105528;1280240;67
18869;1227858;1105304;1280386;67
30063;1453939;1105437;1280739;67
30064;1453947;1105452;1280781;67
126472;2710871;1105656;1280057;67
52798;1919733;1104777;1280259;67
121831;2703394;1105808;1280282;67
121867;2559595;1105063;1280228;67
119029;2495929;1105532;1280803;67
119030;2495937;1105534;1280802;67
119098;2485648;1105287;1280540;67
119099;2485656;1105299;1280558;67
127012;2764598;1105764;1280197;67
63874;1873598;1104857;1280362;67
63875;1873601;1104850;1280377;67
55675;1795155;1105037;1280312;67
52799;1919806;1104791;1280249;67
85177;2059452;1104844;1280175;67
117754;2495791;1105696;1280833;67
120141;2730243;1105087;1280558;67
61387;2080117;1104975;1280690;67
134949;2768577;1105227;1280264;67
138142;2768844;1104767;1280562;67
138147;2768887;1105206;1280469;67
133018;2768224;1104738;1280546;67
134432;2777401;1105714;1280456;67
140963;2785200;1105361;1280679;67
144812;2787920;1105092;1280139;67
144813;2787911;1105096;1280138;67
139817;2778581;1105079;1280122;67
146953;2789914;1105270;1280193;67
146954;2789906;1105259;1280259;67
143369;2793938;1105443;1280325;67
143370;2793946;1105443;1280318;67
143371;2793954;1105447;1280304;67
143372;2793971;1105471;1280303;67
140847;2785072;1104750;1279992;67
140848;2785081;1104739;1280019;67
140849;2785099;1104734;1280037;67
140850;2785102;1104741;1280040;67
172739;2818647;1105786;1280113;67
173293;2812827;1105577;1280093;67
173188;1093886;1105016;1279980;67
173590;2828570;1105744;1280260;67
175601;2834626;1105585;1280592;67
173959;2828880;1104937;1280427;67
173960;2828898;1104934;1280433;67
173961;2828901;1104941;1280439;67
179060;2828049;1105394;1280096;67
188469;2843846;1105267;1280206;67
188174;2839971;1105008;1280097;67
188470;2843854;1105291;1280209;67
188471;2843871;1105294;1280213;67
188472;2843889;1105284;1280209;67
188473;2843897;1105282;1280214;67
188474;2843901;1105281;1280220;67
193054;2842050;1105264;1280435;67
193055;2842017;1105235;1280451;67
193056;2842084;1105222;1280407;67
193057;1312880;1105209;1280421;67
193058;2842076;1105184;1280415;67
193060;1312774;1105205;1280452;67
189450;2844427;1105858;1280084;67
188240;2843781;1105714;1280448;67
188241;2843790;1105747;1280459;67
188242;2843803;1105751;1280456;67
188243;2843811;1105744;1280464;67
188258;2843838;1104766;1280158;67
188178;2838354;1105827;1280188;67
188180;2838389;1105852;1280172;67
188181;2838397;1105847;1280132;67
188259;2843820;1104763;1280156;67
199694;2858185;1105622;1280619;67
199695;2858177;1105627;1280613;67
196449;2852781;1105670;1280667;67
196450;2852799;1105669;1280656;67
197000;2840251;1105569;1280568;67
197513;2853647;1105743;1280463;67
197333;2862913;1105721;1280353;67
197334;2862921;1105701;1280350;67
197335;2862930;1105710;1280364;67
197336;2862948;1105711;1280366;67
197337;2862956;1105702;1280367;67
209229;2894700;1105800;1280489;67
209230;2894718;1105799;1280491;67
209231;2894726;1105790;1280507;67
209232;2894734;1105791;1280517;67
209233;2894751;1105789;1280549;67
209234;2894742;1105779;1280546;67
209235;2894777;1105787;1280552;67
209236;2894807;1105773;1280550;67
209237;2894815;1105763;1280556;67
209240;2894823;1105782;1280560;67
209241;2894831;1105780;1280567;67
209242;2894840;1105781;1280589;67
208907;2902915;1105652;1280269;67
208908;2902923;1105639;1280269;67
208909;2902931;1105637;1280294;67
208910;2902940;1105621;1280294;67
209129;2895897;1105624;1280331;67
209137;2913551;1105805;1280183;67
209159;2877872;1105862;1280076;67
209160;2877881;1105852;1280077;67
209162;2877937;1105849;1280070;67
209178;2878101;1105835;1280181;67
209179;2878119;1105833;1280181;67
209180;2878127;1105829;1280175;67
209193;2878135;1105840;1280188;67
209195;2878143;1105841;1280191;67
201960;2877074;1105628;1280823;67
201961;2877082;1105630;1280815;67
201962;2877091;1105627;1280811;67
209200;2878208;1105827;1280288;67
209203;2878232;1105816;1280278;67
209204;2878241;1105816;1280276;67
208648;2889285;1105769;1280370;67
208649;2889277;1105759;1280374;67
209247;2894882;1105758;1280619;67
209248;2894891;1105750;1280616;67
209249;2894904;1105747;1280622;67
209250;2894939;1105772;1280646;67
209251;2894947;1105768;1280647;67
209252;2894955;1105764;1280669;67
209253;2894971;1105769;1280664;67
209254;2895021;1105752;1280659;67
209255;2895030;1105755;1280654;67
209259;2895111;1105749;1280780;67
209260;2895129;1105743;1280782;67
209264;2895170;1105744;1280780;67
209265;2895188;1105748;1280758;67
209266;2895196;1105736;1280750;67
209267;2895200;1105739;1280814;67
209268;2895218;1105736;1280824;67
209274;2895285;1105722;1280827;67
209205;2878259;1105823;1280294;67
209206;2878275;1105829;1280292;67
209207;2878283;1105825;1280325;67
209208;2878291;1105822;1280330;67
209210;2878313;1105812;1280361;67
209214;2878356;1105805;1280373;67
209215;2878372;1105795;1280380;67
209218;2878381;1105815;1280387;67
209219;2878399;1105813;1280393;67
209220;2894602;1105811;1280419;67
209221;2894611;1105807;1280418;67
209222;2894629;1105801;1280449;67
209223;2894637;1105796;1280457;67
209224;2894645;1105795;1280472;67
201155;2869756;1105157;1280298;67
201156;2869772;1105148;1280295;67
201157;2869781;1105149;1280281;67
201158;2869799;1105141;1280307;67
201159;2869802;1105150;1280286;67
201161;2870011;1105143;1280282;67
201162;2870029;1105146;1280281;67
209227;2894688;1105784;1280471;67
209228;2894696;1105786;1280464;67
209834;2909898;1104640;1280539;67
209835;2909901;1104636;1280535;67
209836;2909910;1104640;1280529;67
209844;2909979;1104650;1280467;67
209845;2909987;1104668;1280440;67
209846;2909995;1104671;1280440;67
210419;2901404;1105193;1280633;67
210420;2901391;1105189;1280623;67
210421;2901421;1105668;1280583;67
210422;2901412;1105670;1280595;67
210499;2901897;1104914;1280066;67
210500;2901889;1104917;1280062;67
210418;2901382;1105619;1280295;67
210501;2901901;1104910;1280089;67
209852;2910055;1104681;1280338;67
209853;2910071;1104681;1280335;67
209857;2910110;1104696;1280263;67
209858;2910128;1104700;1280251;67
209859;2910136;1104697;1280256;67
209868;2898276;1104715;1280164;67
209869;2898284;1104722;1280162;67
209870;2898322;1104734;1280068;67
209871;2898331;1104742;1280069;67
209876;2898381;1104744;1279988;67
209877;2898390;1104751;1279968;67
209878;2898403;1104756;1279975;67
209884;2898489;1104768;1279894;67
209885;2898497;1104776;1279877;67
210107;2887835;1104891;1279925;67
210151;2910322;1105627;1280286;67
210883;2911370;1105490;1280399;67
210884;2911388;1105501;1280391;67
210970;2920115;1104998;1280136;67
210971;2920123;1105013;1280159;67
210972;2920131;1105026;1280175;67
731646;2747821;1105727;1280759;67
731114;2960133;1105733;1280158;67
731645;2747812;1105733;1280747;67
731115;2960141;1105734;1280154;67
757940;1064428;1105493;1280412;67
757941;1064461;1105492;1280408;67
759399;5604494;1105345;1279996;67
759400;5604508;1105348;1279998;67
759401;5605172;1105341;1280008;67
759402;1072269;1105346;1280004;67
759403;1072161;1105346;1280009;67
759404;1072064;1105347;1280007;67
759405;1072366;1105342;1279999;67
759406;1072463;1105340;1280003;67
759407;1072561;1105336;1280002;67
759585;5605059;1105792;1280266;67
759586;6903495;1105793;1280259;67
759588;1192868;1105796;1280257;67
759587;6903509;1105801;1280252;67
758773;5608511;1105597;1280713;67
758774;5608503;1105615;1280715;67
761666;7331681;1105045;1280221;67
763430;7320078;1105731;1280269;67
763431;7320086;1105737;1280269;67
758975;1285661;1105572;1280704;67
758977;1285769;1105562;1280723;67
758978;1285777;1105557;1280726;67
758747;6898165;1105478;1280484;67
759746;5605253;1105682;1280517;67
759745;5605261;1105700;1280519;67
759747;5605288;1105674;1280514;67
759748;5605270;1105691;1280505;67
758970;1285564;1105596;1280713;67
757307;1261169;1105115;1280048;67
770735;8334421;1104690;1280547;67
759004;5604672;1105612;1280705;67
759008;5617316;1105608;1280707;67
759009;5617324;1105605;1280704;67
764300;7333960;1105633;1280284;67
771245;8334510;1105235;1280047;67
732151;2817446;1105477;1280153;67
732152;2817438;1105479;1280156;67
732223;2817314;1105539;1280114;67
732224;2817322;1105533;1280116;67
732221;2817292;1105713;1280403;67
732222;2817306;1105709;1280398;67
726629;2941732;1105369;1280633;67
726630;2941716;1105377;1280637;67
726631;2941724;1105380;1280661;67
726632;2941741;1105405;1280673;67
726633;2941759;1105410;1280661;67
729000;2974673;1104962;1280010;67
729001;2974681;1104950;1280010;67
